<keymap version="1" name="macOS copy" parent="Mac OS X 10.5+">
  <action id="ActivateEmbeddedWebBrowserToolWindow">
    <keyboard-shortcut first-keystroke="meta alt g" />
  </action>
  <action id="ActivateTerminalToolWindow">
    <keyboard-shortcut first-keystroke="alt f12" />
    <keyboard-shortcut first-keystroke="meta t" />
  </action>
  <action id="EditorCutLineEnd" />
  <action id="EditorDown">
    <keyboard-shortcut first-keystroke="down" />
    <keyboard-shortcut first-keystroke="ctrl n" />
    <keyboard-shortcut first-keystroke="ctrl j" />
  </action>
  <action id="EditorUp">
    <keyboard-shortcut first-keystroke="up" />
    <keyboard-shortcut first-keystroke="ctrl p" />
    <keyboard-shortcut first-keystroke="ctrl k" />
  </action>
  <action id="InsertLiveTemplate" />
  <action id="QuickJavaDoc">
    <keyboard-shortcut first-keystroke="f1" />
    <mouse-shortcut keystroke="control button2" />
  </action>
  <action id="Terminal.NewTab" />
  <action id="Terminal.ShowDocumentation">
    <keyboard-shortcut first-keystroke="f1" />
    <mouse-shortcut keystroke="control button2" />
  </action>
  <action id="Vcs.Log.ShowTooltip">
    <keyboard-shortcut first-keystroke="f1" />
    <mouse-shortcut keystroke="control button2" />
  </action>
  <action id="Vcs.UpdateProject" />
</keymap>