<application>
  <component name="MaterialThemeNewConfig">
    <option name="accentState">
      <MTAccentConfigState>
        <option name="accentColorHex" value="ff79c5" />
      </MTAccentConfigState>
    </option>
    <option name="metadata">
      <MTMetadataState>
        <option name="pristineConfig" value="false" />
        <option name="userId" value="-3ea92c36:18f5aa786cf:-8000" />
        <option name="version" value="9.2.1" />
      </MTMetadataState>
    </option>
    <option name="themeState">
      <MTThemeConfigState>
        <option name="selectedThemeName" value="DRACULA" />
      </MTThemeConfigState>
    </option>
  </component>
</application>